player_id,first_name,last_name,name,last_season,current_club_id,player_code,country_of_birth,city_of_birth,country_of_citizenship,date_of_birth,sub_position,position,foot,height_in_cm,contract_expiration_date,agent_name,image_url,url,current_club_domestic_competition_id,current_club_name,market_value_in_eur,highest_market_value_in_eur
10,Miroslav,Klose,Miroslav Klose,2015,398,miroslav-klose,Poland,Opole,Germany,1978-06-09 00:00:00,Centre-Forward,Attack,right,184.0,,ASBW Sport Marketing,https://img.a.transfermarkt.technology/portrait/header/10-1448468291.jpg?lm=1,https://www.transfermarkt.co.uk/miroslav-klose/profil/spieler/10,IT1,Società Sportiva Lazio S.p.A.,1000000.0,30000000.0
65,Dimitar,Berbatov,Dimitar Berbatov,2015,1091,dimitar-berbatov,Bulgaria,Blagoevgrad,Bulgaria,1981-01-30 00:00:00,Centre-Forward,Attack,,,,CSKA-AS-23 Ltd.,https://img.a.transfermarkt.technology/portrait/header/65-1683670068.jpg?lm=1,https://www.transfermarkt.co.uk/dimitar-berbatov/profil/spieler/65,GR1,Panthessalonikios Athlitikos Omilos Konstantinoupoliton,1000000.0,34500000.0
77,,Lúcio,Lúcio,2012,506,lucio,Brazil,Brasília,Brazil,1978-05-08 00:00:00,Centre-Back,Defender,,,,,https://img.a.transfermarkt.technology/portrait/header/77-1458201664.jpg?lm=1,https://www.transfermarkt.co.uk/lucio/profil/spieler/77,IT1,Juventus Football Club,200000.0,24500000.0
132,Tomas,Rosicky,Tomas Rosicky,2015,11,tomas-rosicky,CSSR,Praha,Czech Republic,1980-10-04 00:00:00,Attacking Midfield,Midfield,both,179.0,,,https://img.a.transfermarkt.technology/portrait/header/132-1464947592.jpg?lm=1,https://www.transfermarkt.co.uk/tomas-rosicky/profil/spieler/132,GB1,Arsenal Football Club,350000.0,17500000.0
215,Roque,Santa Cruz,Roque Santa Cruz,2015,1084,roque-santa-cruz,Paraguay,Asunción,Paraguay,1981-08-16 00:00:00,Centre-Forward,Attack,right,193.0,2023-12-31 00:00:00,,https://img.a.transfermarkt.technology/portrait/header/215-1564992591.png?lm=1,https://www.transfermarkt.co.uk/roque-santa-cruz/profil/spieler/215,ES1,Málaga CF,250000.0,12000000.0
264,Tamás,Hajnal,Tamás Hajnal,2012,79,tamas-hajnal,Hungary,Esztergom,Hungary,1981-03-15 00:00:00,Attacking Midfield,Midfield,both,167.0,,,https://img.a.transfermarkt.technology/portrait/header/s_264_79_2012_2.jpg?lm=1,https://www.transfermarkt.co.uk/tamas-hajnal/profil/spieler/264,L1,Verein für Bewegungsspiele Stuttgart 1893,100000.0,6500000.0
276,Sladan,Peric,Sladan Peric,2013,20100,sladan-peric,,,Denmark,1982-04-15 00:00:00,Centre-Back,Defender,,,,,https://img.a.transfermarkt.technology/portrait/header/276-1637687071.jpg?lm=1,https://www.transfermarkt.co.uk/sladan-peric/profil/spieler/276,DK1,FC Vestsjaelland,200000.0,500000.0
411,Levan,Kobiashvili,Levan Kobiashvili,2013,44,levan-kobiashvili,UdSSR,Tiflis,Georgia,1977-07-10 00:00:00,Left Midfield,Midfield,left,183.0,,,https://img.a.transfermarkt.technology/portrait/header/411-1590417211.jpg?lm=1,https://www.transfermarkt.co.uk/levan-kobiashvili/profil/spieler/411,L1,Hertha BSC,400000.0,7500000.0
447,Oka,Nikolov,Oka Nikolov,2012,24,oka-nikolov,Germany,Erbach im Odenwald,North Macedonia,1974-05-25 00:00:00,Goalkeeper,Goalkeeper,right,188.0,,PRO Profil GmbH,https://img.a.transfermarkt.technology/portrait/header/447-1493298121.jpg?lm=1,https://www.transfermarkt.co.uk/oka-nikolov/profil/spieler/447,L1,Eintracht Frankfurt Fußball AG,350000.0,2000000.0
532,Claudio,Pizarro,Claudio Pizarro,2019,86,claudio-pizarro,Peru,Callao,Peru,1978-10-03 00:00:00,Centre-Forward,Attack,right,184.0,,,https://img.a.transfermarkt.technology/portrait/header/532-1535124277.jpg?lm=1,https://www.transfermarkt.co.uk/claudio-pizarro/profil/spieler/532,L1,Sportverein Werder Bremen von 1899,400000.0,12000000.0
568,Martin,Stranzl,Martin Stranzl,2015,18,martin-stranzl,Austria,Güssing,Austria,1980-06-16 00:00:00,Centre-Back,Defender,,,,,https://img.a.transfermarkt.technology/portrait/header/568-1437474557.jpg?lm=1,https://www.transfermarkt.co.uk/martin-stranzl/profil/spieler/568,L1,Borussia Verein für Leibesübungen 1900 Mönchengladbach,1000000.0,4500000.0
597,Aleksandr,Hleb,Aleksandr Hleb,2016,2696,aleksandr-hleb,UdSSR,Minsk,Belarus,1981-05-01 00:00:00,Attacking Midfield,Midfield,,,,fair-sport GmbH,https://img.a.transfermarkt.technology/portrait/header/597-1565344980.png?lm=1,https://www.transfermarkt.co.uk/aleksandr-hleb/profil/spieler/597,RU1,PFK Krylya Sovetov Samara,150000.0,19000000.0
690,Ivan,Klasnic,Ivan Klasnic,2012,39,ivan-klasnic,Germany,Hamburg,Croatia,1980-01-29 00:00:00,Centre-Forward,Attack,,,,,https://img.a.transfermarkt.technology/portrait/header/690-1684327921.jpg?lm=1,https://www.transfermarkt.co.uk/ivan-klasnic/profil/spieler/690,L1,1. Fußball- und Sportverein Mainz 05,500000.0,12000000.0
755,Deniz,Baris,Deniz Baris,2013,589,deniz-baris,Turkey,Erzincan,Turkey,1977-07-02 00:00:00,Centre-Back,Defender,,,,,https://img.a.transfermarkt.technology/portrait/header/default.jpg?lm=1,https://www.transfermarkt.co.uk/deniz-baris/profil/spieler/755,TR1,Antalyaspor,300000.0,2000000.0
1075,Andriy,Voronin,Andriy Voronin,2013,121,andriy-voronin,UdSSR,Odessa,Ukraine,1979-07-21 00:00:00,Second Striker,Attack,,,,Andrei Golovash,https://img.a.transfermarkt.technology/portrait/header/1075-1461328176.jpg?lm=1,https://www.transfermarkt.co.uk/andriy-voronin/profil/spieler/1075,RU1,FK Dinamo Moskva,500000.0,8000000.0
1083,Julian,de Guzmán,Julian de Guzmán,2013,128,julian-de-guzman,Canada,"Toronto, Ontario",Canada,1981-03-25 00:00:00,Defensive Midfield,Midfield,,,,,https://img.a.transfermarkt.technology/portrait/header/s_1083_109_2013_06_10_1.jpg?lm=1,https://www.transfermarkt.co.uk/julian-de-guzman/profil/spieler/1083,GR1,AO Xanthi,250000.0,5000000.0
1161,Javier,Zanetti,Javier Zanetti,2013,46,javier-zanetti,Argentina,Dock Sud,Argentina,1973-08-10 00:00:00,Right-Back,Defender,right,178.0,,,https://img.a.transfermarkt.technology/portrait/header/1161-1463994546.jpg?lm=1,https://www.transfermarkt.co.uk/javier-zanetti/profil/spieler/1161,IT1,Football Club Internazionale Milano S.p.A.,1000000.0,11000000.0
1321,Jermaine,Jones,Jermaine Jones,2013,114,jermaine-jones,Germany,Frankfurt am Main,United States,1981-11-03 00:00:00,Defensive Midfield,Midfield,both,184.0,,,https://img.a.transfermarkt.technology/portrait/header/1321-1587709287.jpg?lm=1,https://www.transfermarkt.co.uk/jermaine-jones/profil/spieler/1321,TR1,Beşiktaş Jimnastik Kulübü,600000.0,8000000.0
1327,Alou,Diarra,Alou Diarra,2016,1159,alou-diarra,France,Villepinte,France,1981-07-15 00:00:00,Defensive Midfield,Midfield,right,189.0,,,https://img.a.transfermarkt.technology/portrait/header/s_1327_379_2013_09_26_1.jpg?lm=1,https://www.transfermarkt.co.uk/alou-diarra/profil/spieler/1327,FR1,AS Nancy-Lorraine,250000.0,14500000.0
1368,Guy,Demel,Guy Demel,2015,1519,guy-demel,France,Orsay,Cote d'Ivoire,1981-06-13 00:00:00,Right-Back,Defender,,,,FAME US Sport Agency,https://img.a.transfermarkt.technology/portrait/header/s_1368_41_2010_1.jpg?lm=1,https://www.transfermarkt.co.uk/guy-demel/profil/spieler/1368,SC1,Dundee United Football Club,150000.0,6000000.0
1397,Michael,Owen,Michael Owen,2012,512,michael-owen,England,Chester,England,1979-12-14 00:00:00,Centre-Forward,Attack,both,173.0,,,https://img.a.transfermarkt.technology/portrait/header/1397-1476361136.jpg?lm=1,https://www.transfermarkt.co.uk/michael-owen/profil/spieler/1397,GB1,Stoke City,1000000.0,30000000.0
1532,Wesley,Sonck,Wesley Sonck,2012,28643,wesley-sonck,Belgium,Ninove,Belgium,1978-08-09 00:00:00,,Missing,right,174.0,,,https://img.a.transfermarkt.technology/portrait/header/s_1532_515_2013_10_10_1.jpg?lm=1,https://www.transfermarkt.co.uk/wesley-sonck/profil/spieler/1532,BE1,SK Beveren,200000.0,8000000.0
1560,Youssef,El Akchaoui,Youssef El Akchaoui,2012,306,youssef-el-akchaoui,Netherlands,Dordrecht,Morocco,1981-02-18 00:00:00,Left-Back,Defender,,,,,https://img.a.transfermarkt.technology/portrait/header/1560-1649145914.jpg?lm=1,https://www.transfermarkt.co.uk/youssef-el-akchaoui/profil/spieler/1560,NL1,Sportclub Heerenveen,350000.0,1750000.0
1587,Mario,Eggimann,Mario Eggimann,2012,42,mario-eggimann,Switzerland,Brugg,Switzerland,,Centre-Back,Defender,right,190.0,,,https://img.a.transfermarkt.technology/portrait/header/1587-1406722979.jpg?lm=1,https://www.transfermarkt.co.uk/mario-eggimann/profil/spieler/1587,L1,Hannover 96,400000.0,3000000.0
1684,Milorad,Pekovic,Milorad Pekovic,2012,65,milorad-pekovic,Jugoslawien (SFR),Nikšić,Montenegro,1977-08-05 00:00:00,Defensive Midfield,Midfield,left,189.0,,,https://img.a.transfermarkt.technology/portrait/header/1684-1544006404.jpg?lm=1,https://www.transfermarkt.co.uk/milorad-pekovic/profil/spieler/1684,L1,SpVgg Greuther Fürth,150000.0,1500000.0
1772,Du-ri,Cha,Du-ri Cha,2012,38,du-ri-cha,Germany,Frankfurt am Main,"Korea, South",1980-07-25 00:00:00,Right-Back,Defender,right,181.0,,,https://img.a.transfermarkt.technology/portrait/header/s_1772_38_2012_2.jpg?lm=1,https://www.transfermarkt.co.uk/du-ri-cha/profil/spieler/1772,L1,Fortuna Düsseldorf,825000.0,1500000.0
2309,Zvjezdan,Misimovic,Zvjezdan Misimovic,2012,121,zvjezdan-misimovic,Germany,München,Bosnia-Herzegovina,1982-06-05 00:00:00,Attacking Midfield,Midfield,both,179.0,,LIAN Sports Group,https://img.a.transfermarkt.technology/portrait/header/2309-1461328638.jpg?lm=1,https://www.transfermarkt.co.uk/zvjezdan-misimovic/profil/spieler/2309,RU1,FK Dinamo Moskva,700000.0,14500000.0
2334,Marcel,Ndjeng,Marcel Ndjeng,2014,44,marcel-ndjeng,Germany,Bonn,Cameroon,1982-05-06 00:00:00,Right Midfield,Midfield,right,180.0,,,https://img.a.transfermarkt.technology/portrait/header/2334-1438173952.jpg?lm=1,https://www.transfermarkt.co.uk/marcel-ndjeng/profil/spieler/2334,L1,Hertha BSC,50000.0,1500000.0
2712,Nando,Rafael,Nando Rafael,2012,38,nando-rafael,Angola,Luanda,Angola,1984-01-10 00:00:00,Centre-Forward,Attack,both,180.0,,,https://img.a.transfermarkt.technology/portrait/header/2712-1438178524.jpg?lm=1,https://www.transfermarkt.co.uk/nando-rafael/profil/spieler/2712,L1,Fortuna Düsseldorf,250000.0,2000000.0
2878,Yassin,Mikari,Yassin Mikari,2012,750,yassin-mikari,Switzerland,Zürich,Tunisia,1983-01-09 00:00:00,Left-Back,Defender,left,172.0,,Rhein AG,https://img.a.transfermarkt.technology/portrait/header/s_2878_750_2012_1.jpg?lm=1,https://www.transfermarkt.co.uk/yassin-mikari/profil/spieler/2878,FR1,FC Sochaux-Montbéliard,150000.0,2800000.0
2904,Rafa,Márquez,Rafa Márquez,2015,276,rafa-marquez,Mexico,Zamora de Hidalgo,Mexico,1979-02-13 00:00:00,Centre-Back,Defender,right,184.0,,Gestifute,https://img.a.transfermarkt.technology/portrait/header/2904-1449060939.jpg?lm=1,https://www.transfermarkt.co.uk/rafa-marquez/profil/spieler/2904,IT1,Verona Hellas Football Club,800000.0,16000000.0
2999,Chris,Iwelumo,Chris Iwelumo,2013,2578,chris-iwelumo,Scotland,Coatbridge,Scotland,1978-08-01 00:00:00,Centre-Forward,Attack,,,,,https://img.a.transfermarkt.technology/portrait/header/default.jpg?lm=1,https://www.transfermarkt.co.uk/chris-iwelumo/profil/spieler/2999,SC1,Saint Johnstone Football Club,250000.0,2500000.0
3098,Olof,Mellberg,Olof Mellberg,2014,190,olof-mellberg,Sweden,Gullspång,Sweden,1977-09-03 00:00:00,Centre-Back,Defender,right,187.0,,ManMark S.A.,https://img.a.transfermarkt.technology/portrait/header/s_3098_190_2013_10_07_1.jpg?lm=1,https://www.transfermarkt.co.uk/olof-mellberg/profil/spieler/3098,DK1,Football Club København,300000.0,9000000.0
3132,Florin,Cernat,Florin Cernat,2013,126,florin-cernat,Romania,Galaţi,Romania,1980-03-10 00:00:00,Attacking Midfield,Midfield,left,168.0,,,https://img.a.transfermarkt.technology/portrait/header/s_3132_126_2013_09_13_1.jpg?lm=1,https://www.transfermarkt.co.uk/florin-cernat/profil/spieler/3132,TR1,Çaykur Rizespor Kulübü,100000.0,2800000.0
3146,Shay,Given,Shay Given,2016,512,shay-given,Ireland,Lifford,Ireland,1976-04-20 00:00:00,Goalkeeper,Goalkeeper,right,185.0,,CAA Stellar,https://img.a.transfermarkt.technology/portrait/header/3146-1410949943.jpg?lm=1,https://www.transfermarkt.co.uk/shay-given/profil/spieler/3146,GB1,Stoke City,250000.0,10000000.0
3151,Carlo,Cudicini,Carlo Cudicini,2012,148,carlo-cudicini,Italy,Milano,Italy,1973-09-06 00:00:00,Goalkeeper,Goalkeeper,right,184.0,,,https://img.a.transfermarkt.technology/portrait/header/s_3151_148_2009_1.jpg?lm=1,https://www.transfermarkt.co.uk/carlo-cudicini/profil/spieler/3151,GB1,Tottenham Hotspur Football Club,500000.0,4000000.0
3172,Quique,de Lucas,Quique de Lucas,2012,940,quique-de-lucas,Spain,L'Hospitalet de Llobregat,Spain,1978-08-17 00:00:00,Attacking Midfield,Midfield,right,175.0,,,https://img.a.transfermarkt.technology/portrait/header/3172-1568104853.jpg?lm=1,https://www.transfermarkt.co.uk/quique-de-lucas/profil/spieler/3172,ES1,Real Club Celta de Vigo S. A. D.,100000.0,4000000.0
3176,Eidur,Gudjohnsen,Eidur Gudjohnsen,2013,2282,eidur-gudjohnsen,Iceland,Reykjavík,Iceland,1978-09-15 00:00:00,Centre-Forward,Attack,right,185.0,,Total Football,https://img.a.transfermarkt.technology/portrait/header/3176-1462872872.jpg?lm=1,https://www.transfermarkt.co.uk/eidur-gudjohnsen/profil/spieler/3176,BE1,Club Brugge Koninklijke Voetbalvereniging,200000.0,12000000.0
3201,Stathis,Tavlaridis,Stathis Tavlaridis,2015,265,stathis-tavlaridis,Greece,Serres,Greece,1980-01-25 00:00:00,Centre-Back,Defender,right,186.0,,,https://img.a.transfermarkt.technology/portrait/header/default.jpg?lm=1,https://www.transfermarkt.co.uk/stathis-tavlaridis/profil/spieler/3201,GR1,Panathinaikos Athlitikos Omilos,150000.0,5000000.0
3220,John Arne,Riise,John Arne Riise,2013,931,john-arne-riise,Norway,Ålesund,Norway,1980-09-24 00:00:00,Left-Back,Defender,left,185.0,,,https://img.a.transfermarkt.technology/portrait/header/3220-1465813573.jpg?lm=1,https://www.transfermarkt.co.uk/john-arne-riise/profil/spieler/3220,GB1,Fulham Football Club,700000.0,15000000.0
3269,Calvin,Zola,Calvin Zola,2013,370,calvin-zola,Zaire,Kinshasa,DR Congo,1984-12-31 00:00:00,Centre-Forward,Attack,right,191.0,,,https://img.a.transfermarkt.technology/portrait/header/default.jpg?lm=1,https://www.transfermarkt.co.uk/calvin-zola/profil/spieler/3269,SC1,Aberdeen Football Club,300000.0,500000.0
3270,Joseph,Yobo,Joseph Yobo,2013,1123,joseph-yobo,Nigeria,Kono,Nigeria,1980-09-06 00:00:00,Centre-Back,Defender,right,188.0,,,https://img.a.transfermarkt.technology/portrait/header/3270-1404201553.jpg?lm=1,https://www.transfermarkt.co.uk/joseph-yobo/profil/spieler/3270,GB1,Norwich City,750000.0,11500000.0
3297,Craig,Bellamy,Craig Bellamy,2013,603,craig-bellamy,Wales,Cardiff,Wales,1979-07-13 00:00:00,Left Winger,Attack,right,173.0,,,https://img.a.transfermarkt.technology/portrait/header/3297-1481635425.jpg?lm=1,https://www.transfermarkt.co.uk/craig-bellamy/profil/spieler/3297,GB1,Cardiff City,1000000.0,13000000.0
3321,Luke,Wilkshire,Luke Wilkshire,2016,3725,luke-wilkshire,Australia,Wollongong,Australia,1981-10-02 00:00:00,Right-Back,Defender,right,176.0,,,https://img.a.transfermarkt.technology/portrait/header/3321-1489581306.jpg?lm=1,https://www.transfermarkt.co.uk/luke-wilkshire/profil/spieler/3321,RU1,RFK Akhmat Grozny,100000.0,5000000.0
3413,Rodrigo,Tello,Rodrigo Tello,2013,2292,rodrigo-tello,Chile,Santiago de Chile,Chile,1979-10-14 00:00:00,Left Winger,Attack,left,170.0,,,https://img.a.transfermarkt.technology/portrait/header/s_3413_825_2013_09_06_1.jpg?lm=1,https://www.transfermarkt.co.uk/rodrigo-tello/profil/spieler/3413,TR1,Elazigspor,200000.0,8000000.0
3428,Dejan,Stankovic,Dejan Stankovic,2012,46,dejan-stankovic,Jugoslawien (SFR),Belgrade,Serbia,1978-09-11 00:00:00,Central Midfield,Midfield,right,181.0,,,https://img.a.transfermarkt.technology/portrait/header/3428-1461242093.jpg?lm=1,https://www.transfermarkt.co.uk/dejan-stankovic/profil/spieler/3428,IT1,Football Club Internazionale Milano S.p.A.,500000.0,24500000.0
3480,Hugo,Viana,Hugo Viana,2012,1075,hugo-viana,Portugal,Barcelos,Portugal,1983-01-15 00:00:00,Attacking Midfield,Midfield,left,178.0,,Gestifute,https://img.a.transfermarkt.technology/portrait/header/s_3480_1075_2012_1.jpg?lm=1,https://www.transfermarkt.co.uk/hugo-viana/profil/spieler/3480,PO1,Sporting Clube de Braga,3000000.0,9000000.0
3495,Dudu,Aouate,Dudu Aouate,2012,237,dudu-aouate,Israel,Nazareth Illit,Israel,1977-10-17 00:00:00,Goalkeeper,Goalkeeper,,188.0,,,https://img.a.transfermarkt.technology/portrait/header/s_3495_237_2012_10_24_1.jpg?lm=1,https://www.transfermarkt.co.uk/dudu-aouate/profil/spieler/3495,ES1,Real Club Deportivo Mallorca S.A.D.,100000.0,3500000.0
3515,Mark,van Bommel,Mark van Bommel,2012,383,mark-van-bommel,Netherlands,Maasbracht,Netherlands,1977-04-22 00:00:00,Defensive Midfield,Midfield,right,186.0,,,https://img.a.transfermarkt.technology/portrait/header/3515-1461328878.jpg?lm=1,https://www.transfermarkt.co.uk/mark-van-bommel/profil/spieler/3515,NL1,Eindhovense Voetbalvereniging Philips Sport Vereniging,800000.0,15000000.0
3531,Robert,Vittek,Robert Vittek,2012,6890,robert-vittek,CSSR,Bratislava,Slovakia,1982-04-01 00:00:00,Centre-Forward,Attack,both,188.0,,,https://img.a.transfermarkt.technology/portrait/header/3531-1581917638.png?lm=1,https://www.transfermarkt.co.uk/robert-vittek/profil/spieler/3531,TR1,İstanbul Başakşehir Futbol Kulübü,150000.0,6000000.0
3534,Roy,Carroll,Roy Carroll,2013,683,roy-carroll,Northern Ireland,Enniskillen,Northern Ireland,1977-09-30 00:00:00,Goalkeeper,Goalkeeper,right,189.0,,,https://img.a.transfermarkt.technology/portrait/header/3534-1464948583.jpg?lm=1,https://www.transfermarkt.co.uk/roy-carroll/profil/spieler/3534,GR1,Olympiakos Syndesmos Filathlon Peiraios,150000.0,2700000.0
3666,Jason,Roberts,Jason Roberts,2012,1032,jason-roberts,England,London,Grenada,1978-01-25 00:00:00,Centre-Forward,Attack,right,185.0,,,https://img.a.transfermarkt.technology/portrait/header/s_3666_164_2009_1.jpg?lm=1,https://www.transfermarkt.co.uk/jason-roberts/profil/spieler/3666,GB1,Reading FC,250000.0,4000000.0
3692,Jussi,Jääskeläinen,Jussi Jääskeläinen,2014,379,jussi-jaaskelainen,Finland,Mikkeli,Finland,1975-04-19 00:00:00,Goalkeeper,Goalkeeper,right,191.0,,,https://img.a.transfermarkt.technology/portrait/header/s_3692_355_2009_1.jpg?lm=1,https://www.transfermarkt.co.uk/jussi-jaaskelainen/profil/spieler/3692,GB1,West Ham United Football Club,150000.0,5750000.0
3900,Henri,Camara,Henri Camara,2015,6418,henri-camara,Senegal,Dakar,Senegal,1977-05-10 00:00:00,Centre-Forward,Attack,both,178.0,,Willie McKay,https://img.a.transfermarkt.technology/portrait/header/3900-1414138005.jpg?lm=1,https://www.transfermarkt.co.uk/henri-camara/profil/spieler/3900,GR1,Panetolikos Agrinio,150000.0,6500000.0
3914,Pascal,Feindouno,Pascal Feindouno,2012,2292,pascal-feindouno,Guinea,Conakry,Guinea,1981-02-27 00:00:00,Right Winger,Attack,right,176.0,,ISM,https://img.a.transfermarkt.technology/portrait/header/3914-1447919569.jpg?lm=1,https://www.transfermarkt.co.uk/pascal-feindouno/profil/spieler/3914,TR1,Elazigspor,75000.0,7500000.0
3926,Marama,Vahirua,Marama Vahirua,2012,7185,marama-vahirua,Tahiti,Papeete,Tahiti,1980-05-12 00:00:00,Second Striker,Attack,right,168.0,,,https://img.a.transfermarkt.technology/portrait/header/s_3926_7185_2013_06_13_1.jpg?lm=1,https://www.transfermarkt.co.uk/marama-vahirua/profil/spieler/3926,GR1,Panthrakikos Komotini,400000.0,5000000.0
3989,Dmitriy,Sychev,Dmitriy Sychev,2013,12438,dmitriy-sychev,UdSSR,Omsk,Russia,1983-10-26 00:00:00,Centre-Forward,Attack,right,176.0,,Pavel Andreev,https://img.a.transfermarkt.technology/portrait/header/3989-1554113637.png?lm=1,https://www.transfermarkt.co.uk/dmitriy-sychev/profil/spieler/3989,RU1,Volga Nizhniy Novgorod (- 2016),25000.0,10000000.0
4311,Maarten,Stekelenburg,Maarten Stekelenburg,2022,610,maarten-stekelenburg,,Haarlem,,1982-09-22 00:00:00,Goalkeeper,Goalkeeper,right,197.0,,Wasserman,https://img.a.transfermarkt.technology/portrait/header/4311-1666951999.jpg?lm=1,https://www.transfermarkt.co.uk/maarten-stekelenburg/profil/spieler/4311,NL1,AFC Ajax Amsterdam,75000.0,11000000.0
4321,Steven,Pienaar,Steven Pienaar,2016,289,steven-pienaar,South Africa,"Johannesburg, Gauteng",South Africa,1982-03-17 00:00:00,Left Midfield,Midfield,both,170.0,,ExtraTime S.L.,https://img.a.transfermarkt.technology/portrait/header/4321-1485265394.jpg?lm=1,https://www.transfermarkt.co.uk/steven-pienaar/profil/spieler/4321,GB1,Sunderland AFC,500000.0,11000000.0
4429,Matthew,Amoah,Matthew Amoah,2013,1304,matthew-amoah,Ghana,Tema,Ghana,1980-10-24 00:00:00,,Missing,,,,,https://img.a.transfermarkt.technology/portrait/header/4429-1589538461.jpg?lm=1,https://www.transfermarkt.co.uk/matthew-amoah/profil/spieler/4429,NL1,Heracles Almelo,400000.0,2500000.0
5245,Alexandru,Gatcan,Alexandru Gatcan,2019,1083,alexandru-gatcan,UdSSR,Chişinău,Moldova,1984-03-27 00:00:00,Defensive Midfield,Midfield,right,186.0,,,https://img.a.transfermarkt.technology/portrait/header/5245-1609137366.png?lm=1,https://www.transfermarkt.co.uk/alexandru-gatcan/profil/spieler/5245,RU1,FK Rostov,50000.0,2000000.0
5352,Mahamadou,Diarra,Mahamadou Diarra,2013,931,mahamadou-diarra,Mali,Bamako,Mali,1981-05-18 00:00:00,Defensive Midfield,Midfield,right,182.0,,,https://img.a.transfermarkt.technology/portrait/header/s_5352_931_2012_1.jpg?lm=1,https://www.transfermarkt.co.uk/mahamadou-diarra/profil/spieler/5352,GB1,Fulham Football Club,750000.0,28000000.0
5507,Mario,Yepes,Mario Yepes,2013,800,mario-yepes,Colombia,Cali,Colombia,1976-01-13 00:00:00,Centre-Back,Defender,,,,USM GROUP ,https://img.a.transfermarkt.technology/portrait/header/s_5507_800_2013_09_20_1.jpg?lm=1,https://www.transfermarkt.co.uk/mario-yepes/profil/spieler/5507,IT1,Atalanta Bergamasca Calcio S.p.a.,100000.0,10000000.0
5516,Wilfried,Dalmat,Wilfried Dalmat,2013,6418,wilfried-dalmat,France,Tours,Saint-Martin,1982-07-17 00:00:00,Right Winger,Attack,right,176.0,,,https://img.a.transfermarkt.technology/portrait/header/5516-1617014466.jpg?lm=1,https://www.transfermarkt.co.uk/wilfried-dalmat/profil/spieler/5516,GR1,Panetolikos Agrinio,200000.0,3500000.0
5544,Johan,Audel,Johan Audel,2015,995,johan-audel,France,Nizza,Martinique,1983-12-12 00:00:00,Left Winger,Attack,,,,WSP Agency,https://img.a.transfermarkt.technology/portrait/header/s_5544_79_2012_2.jpg?lm=1,https://www.transfermarkt.co.uk/johan-audel/profil/spieler/5544,FR1,Football Club de Nantes,500000.0,3500000.0
5586,Anthar,Yahia,Anthar Yahia,2013,21957,anthar-yahia,France,Mulhouse,Algeria,1982-03-21 00:00:00,Centre-Back,Defender,,,,,https://img.a.transfermarkt.technology/portrait/header/s_5586_3342_2013_03_16_1.jpg?lm=1,https://www.transfermarkt.co.uk/anthar-yahia/profil/spieler/5586,GR1,AO Platanias,250000.0,3500000.0
5652,Marc-Antoine,Fortuné,Marc-Antoine Fortuné,2012,984,marc-antoine-fortune,French Guiana,Cayenne,French Guiana,1981-07-02 00:00:00,Centre-Forward,Attack,right,183.0,,,https://img.a.transfermarkt.technology/portrait/header/s_5652_984_2012_1.jpg?lm=1,https://www.transfermarkt.co.uk/marc-antoine-fortune/profil/spieler/5652,GB1,West Bromwich Albion,150000.0,4500000.0
5712,Bertrand,Robert,Bertrand Robert,2012,1091,bertrand-robert,Réunion,Saint-Benoît,Réunion,1983-11-16 00:00:00,Left-Back,Defender,left,174.0,,,https://img.a.transfermarkt.technology/portrait/header/default.jpg?lm=1,https://www.transfermarkt.co.uk/bertrand-robert/profil/spieler/5712,GR1,Panthessalonikios Athlitikos Omilos Konstantinoupoliton,150000.0,800000.0
5768,Rubén,Olivera,Rubén Olivera,2013,430,ruben-olivera,Uruguay,Montevideo,Uruguay,1983-05-04 00:00:00,Central Midfield,Midfield,right,184.0,,,https://img.a.transfermarkt.technology/portrait/header/5768-1451058178.png?lm=1,https://www.transfermarkt.co.uk/ruben-olivera/profil/spieler/5768,IT1,Associazione Calcio Fiorentina,100000.0,8000000.0
5966,Marius,Stankevicius,Marius Stankevicius,2014,42,marius-stankevicius,UdSSR,Kaunas,Lithuania,1981-07-15 00:00:00,Centre-Back,Defender,right,190.0,,,https://img.a.transfermarkt.technology/portrait/header/5966-1617204783.jpg?lm=1,https://www.transfermarkt.co.uk/marius-stankevicius/profil/spieler/5966,L1,Hannover 96,25000.0,3000000.0
6075,Erjon,Bogdani,Erjon Bogdani,2012,1387,erjon-bogdani,Albania,Tiranë,Albania,1977-04-14 00:00:00,Centre-Forward,Attack,,,,,https://img.a.transfermarkt.technology/portrait/header/6075-1481706845.jpg?lm=1,https://www.transfermarkt.co.uk/erjon-bogdani/profil/spieler/6075,IT1,Siena FC,200000.0,6500000.0
6838,Henok,Goitom,Henok Goitom,2015,3709,henok-goitom,Sweden,Solna,Eritrea,1984-09-22 00:00:00,Centre-Forward,Attack,right,189.0,,,https://img.a.transfermarkt.technology/portrait/header/6838-1476302936.jpg?lm=1,https://www.transfermarkt.co.uk/henok-goitom/profil/spieler/6838,ES1,Getafe Club de Fútbol S.A.D. Team Dubai,200000.0,3200000.0
7448,Hossam,Ghaly,Hossam Ghaly,2013,204,hossam-ghaly,Egypt,Biyala,Egypt,1981-12-15 00:00:00,Central Midfield,Midfield,right,183.0,,Eleven 11,https://img.a.transfermarkt.technology/portrait/header/default.jpg?lm=1,https://www.transfermarkt.co.uk/hossam-ghaly/profil/spieler/7448,BE1,Lierse SK (- 2018),250000.0,4500000.0
7528,,Valdo,Valdo,2013,6676,valdo,Spain,Villablino,Cape Verde,1981-04-23 00:00:00,Right Winger,Attack,right,184.0,,,https://img.a.transfermarkt.technology/portrait/header/s_7528_6709_2012_1.jpg?lm=1,https://www.transfermarkt.co.uk/valdo/profil/spieler/7528,GR1,A.G.S Asteras Tripolis,50000.0,5000000.0
7867,Rodolfo,Bodipo,Rodolfo Bodipo,2012,897,rodolfo-bodipo,Spain,Sevilla,Equatorial Guinea,1977-10-25 00:00:00,Centre-Forward,Attack,right,184.0,,,https://img.a.transfermarkt.technology/portrait/header/default.jpg?lm=1,https://www.transfermarkt.co.uk/rodolfo-bodipo/profil/spieler/7867,ES1,Deportivo de La Coruña,100000.0,2000000.0
8883,Emmanuel,Adebayor,Emmanuel Adebayor,2019,3205,emmanuel-adebayor,Togo,Lomé,Togo,1984-02-26 00:00:00,Centre-Forward,Attack,right,192.0,,,https://img.a.transfermarkt.technology/portrait/header/8883-1565870134.jpg?lm=1,https://www.transfermarkt.co.uk/emmanuel-adebayor/profil/spieler/8883,TR1,Kayserispor Kulübü,250000.0,25000000.0
9798,Maksim,Shatskikh,Maksim Shatskikh,2014,6996,maksim-shatskikh,UdSSR,Tashkent,Uzbekistan,1978-08-30 00:00:00,Centre-Forward,Attack,right,187.0,,,https://img.a.transfermarkt.technology/portrait/header/9798-1636358395.png?lm=1,https://www.transfermarkt.co.uk/maksim-shatskikh/profil/spieler/9798,UKR1,Goverla Uzhgorod (- 2016),200000.0,4000000.0
10003,Wes,Morgan,Wes Morgan,2020,1003,wes-morgan,England,Nottingham,Jamaica,1984-01-21 00:00:00,Centre-Back,Defender,right,185.0,,,https://img.a.transfermarkt.technology/portrait/header/10003-1405438663.jpg?lm=1,https://www.transfermarkt.co.uk/wes-morgan/profil/spieler/10003,GB1,Leicester City Football Club,400000.0,3500000.0
12106,Ludovic,Obraniak,Ludovic Obraniak,2014,126,ludovic-obraniak,France,Longeville-lès-Metz,Poland,1984-11-10 00:00:00,Attacking Midfield,Midfield,,,,,https://img.a.transfermarkt.technology/portrait/header/12106-1411034848.jpg?lm=1,https://www.transfermarkt.co.uk/ludovic-obraniak/profil/spieler/12106,TR1,Çaykur Rizespor Kulübü,700000.0,6500000.0
12807,Jason,Scotland,Jason Scotland,2014,2999,jason-scotland,Trinidad and Tobago,Morvant,Trinidad and Tobago,1979-02-18 00:00:00,Centre-Forward,Attack,,175.0,,,https://img.a.transfermarkt.technology/portrait/header/s_12807_349_2013_12_11_1.jpg?lm=1,https://www.transfermarkt.co.uk/jason-scotland/profil/spieler/12807,SC1,Hamilton Academical FC,250000.0,2000000.0
12934,Franck,Grandel,Franck Grandel,2015,1095,franck-grandel,Guadeloupe,Pointe-à-Pitre,Guadeloupe,1978-03-17 00:00:00,Goalkeeper,Goalkeeper,right,184.0,,,https://img.a.transfermarkt.technology/portrait/header/12934-1449736878.jpg?lm=1,https://www.transfermarkt.co.uk/franck-grandel/profil/spieler/12934,FR1,ESTAC Troyes,50000.0,500000.0
13902,,Hussein Yasser,Hussein Yasser,2012,204,hussein-yasser,Qatar,Doha,Qatar,1982-10-09 00:00:00,Attacking Midfield,Midfield,both,170.0,,Sport Makers,https://img.a.transfermarkt.technology/portrait/header/13902-1618409313.jpg?lm=1,https://www.transfermarkt.co.uk/hussein-yasser/profil/spieler/13902,BE1,Lierse SK (- 2018),50000.0,1400000.0
13905,Edwin,Ouon,Edwin Ouon,2016,2672,edwin-ouon,France,Aubervilliers,Rwanda,1981-01-26 00:00:00,Centre-Back,Defender,right,187.0,,Gallea Gestion S.A,https://img.a.transfermarkt.technology/portrait/header/default.jpg?lm=1,https://www.transfermarkt.co.uk/edwin-ouon/profil/spieler/13905,GR1,APO Levadiakos Football Club,150000.0,400000.0
13979,Ashkan,Dejagah,Ashkan Dejagah,2016,82,ashkan-dejagah,Iran,Tehran,Iran,1986-07-05 00:00:00,Right Winger,Attack,right,181.0,2023-06-30 00:00:00,,https://img.a.transfermarkt.technology/portrait/header/13979-1533200235.jpg?lm=1,https://www.transfermarkt.co.uk/ashkan-dejagah/profil/spieler/13979,L1,Verein für Leibesübungen Wolfsburg,75000.0,5000000.0
14041,Mikele,Leigertwood,Mikele Leigertwood,2012,1032,mikele-leigertwood,England,Enfield,Antigua and Barbuda,1982-11-12 00:00:00,Defensive Midfield,Midfield,both,188.0,,CAA Base Ltd,https://img.a.transfermarkt.technology/portrait/header/s_14041_1032_2012_1.jpg?lm=1,https://www.transfermarkt.co.uk/mikele-leigertwood/profil/spieler/14041,GB1,Reading FC,600000.0,1250000.0
15250,Njogu,Demba-Nyrén,Njogu Demba-Nyrén,2012,3426,njogu-demba-nyren,The Gambia,Bakau,The Gambia,1979-06-26 00:00:00,Centre-Forward,Attack,right,188.0,,,https://img.a.transfermarkt.technology/portrait/header/15250-1665813042.png?lm=1,https://www.transfermarkt.co.uk/njogu-demba-nyren/profil/spieler/15250,DK1,Esbjerg fB,200000.0,2000000.0
15300,Miso,Brecko,Miso Brecko,2014,3,miso-brecko,Jugoslawien (SFR),Trbovlje,Slovenia,1984-05-01 00:00:00,Right-Back,Defender,right,178.0,,,https://img.a.transfermarkt.technology/portrait/header/15300-1499182752.jpg?lm=1,https://www.transfermarkt.co.uk/miso-brecko/profil/spieler/15300,L1,1.FC Köln,250000.0,2500000.0
15404,Maris,Verpakovskis,Maris Verpakovskis,2013,5220,maris-verpakovskis,UdSSR,Liepāja,Latvia,1979-10-15 00:00:00,Centre-Forward,Attack,right,173.0,,,https://img.a.transfermarkt.technology/portrait/header/s_15404_5220_2013_10_10_1.jpg?lm=1,https://www.transfermarkt.co.uk/maris-verpakovskis/profil/spieler/15404,GR1,GS Ergotelis,200000.0,3000000.0
15486,Aristide,Bancé,Aristide Bancé,2013,167,aristide-bance,Cote d'Ivoire,Abidjan,Burkina Faso,1984-09-19 00:00:00,Centre-Forward,Attack,right,193.0,,,https://img.a.transfermarkt.technology/portrait/header/s_15486_167_2012_2.jpg?lm=1,https://www.transfermarkt.co.uk/aristide-bance/profil/spieler/15486,L1,Fußball-Club Augsburg 1907,200000.0,5500000.0
15670,Roman,Berezovskiy,Roman Berezovskiy,2014,121,roman-berezovskiy,UdSSR,Yerevan,Armenia,1974-08-05 00:00:00,Goalkeeper,Goalkeeper,right,188.0,,,https://img.a.transfermarkt.technology/portrait/header/15670-1555870266.png?lm=1,https://www.transfermarkt.co.uk/roman-berezovskiy/profil/spieler/15670,RU1,FK Dinamo Moskva,50000.0,1000000.0
15747,Sergei,Pareiko,Sergei Pareiko,2013,12438,sergei-pareiko,UdSSR,Tallinn,Estonia,1977-01-31 00:00:00,Goalkeeper,Goalkeeper,right,193.0,,,https://img.a.transfermarkt.technology/portrait/header/s_15747_422_2012_1.jpg?lm=1,https://www.transfermarkt.co.uk/sergei-pareiko/profil/spieler/15747,RU1,Volga Nizhniy Novgorod (- 2016),100000.0,1000000.0
16118,,Paíto,Paíto,2013,128,paito,Mozambique,Maputo,Mozambique,1982-07-05 00:00:00,Left-Back,Defender,left,173.0,,,https://img.a.transfermarkt.technology/portrait/header/default.jpg?lm=1,https://www.transfermarkt.co.uk/paito/profil/spieler/16118,GR1,AO Xanthi,500000.0,2000000.0
18949,,Mémé Tchité,Mémé Tchité,2015,475,meme-tchite,Burundi,Bujumbura,Burundi,1984-01-31 00:00:00,Centre-Forward,Attack,right,176.0,,,https://img.a.transfermarkt.technology/portrait/header/18949-1487601133.jpg?lm=1,https://www.transfermarkt.co.uk/meme-tchite/profil/spieler/18949,BE1,Koninklijke Sint-Truidense Voetbalvereniging,300000.0,8000000.0
19363,Xavier,Chen,Xavier Chen,2016,354,xavier-chen,Belgium,Berchem-Sainte-Agathe,Chinese Taipei,1983-10-05 00:00:00,Right-Back,Defender,right,174.0,,Eleven Management,https://img.a.transfermarkt.technology/portrait/header/19363-1484751034.jpg?lm=1,https://www.transfermarkt.co.uk/xavier-chen/profil/spieler/19363,BE1,Yellow-Red Koninklijke Voetbalclub Mechelen,150000.0,1200000.0
19641,Emmerson,Boyce,Emmerson Boyce,2012,1071,emmerson-boyce,England,Aylesbury,Barbados,1979-09-24 00:00:00,Right-Back,Defender,right,180.0,,CAA Base Ltd,https://img.a.transfermarkt.technology/portrait/header/s_19641_1071_2009_1.jpg?lm=1,https://www.transfermarkt.co.uk/emmerson-boyce/profil/spieler/19641,GB1,Wigan Athletic,200000.0,3500000.0
20351,Sanharib,Malki,Sanharib Malki,2015,10484,sanharib-malki,Syria,Qamischli,Syria,1984-03-01 00:00:00,,Missing,right,179.0,,,https://img.a.transfermarkt.technology/portrait/header/20351-1540214600.jpg?lm=1,https://www.transfermarkt.co.uk/sanharib-malki/profil/spieler/20351,TR1,Kasımpaşa Spor Kulübü,100000.0,3200000.0
20855,Jerry,Lucena,Jerry Lucena,2015,3426,jerry-lucena,Denmark,Esbjerg,Philippines,1980-08-11 00:00:00,Right-Back,Defender,right,179.0,,,https://img.a.transfermarkt.technology/portrait/header/default.jpg?lm=1,https://www.transfermarkt.co.uk/jerry-lucena/profil/spieler/20855,DK1,Esbjerg fB,150000.0,750000.0
21297,Levy,Madinda,Levy Madinda,2017,6676,levy-madinda,Gabon,Libreville,Gabon,1992-06-11 00:00:00,Attacking Midfield,Midfield,right,182.0,2023-12-31 00:00:00,Ruiz & Gómez,https://img.a.transfermarkt.technology/portrait/header/21297-1669148433.jpg?lm=1,https://www.transfermarkt.co.uk/levy-madinda/profil/spieler/21297,GR1,A.G.S Asteras Tripolis,175000.0,1000000.0
21590,Gibril,Sankoh,Gibril Sankoh,2015,192,gibril-sankoh,Sierra Leone,Freetown,Sierra Leone,1983-05-15 00:00:00,Centre-Back,Defender,,,,TOP sportmanagement,https://img.a.transfermarkt.technology/portrait/header/21590-1436701428.jpg?lm=1,https://www.transfermarkt.co.uk/gibril-sankoh/profil/spieler/21590,NL1,Roda JC Kerkrade,200000.0,2250000.0
21611,Angelo,Cijntje,Angelo Cijntje,2013,202,angelo-cijntje,Netherlands Antilles,Willemstad,Curacao,1980-11-09 00:00:00,Right-Back,Defender,both,167.0,,,https://img.a.transfermarkt.technology/portrait/header/default.jpg?lm=1,https://www.transfermarkt.co.uk/angelo-cijntje/profil/spieler/21611,NL1,Football Club Groningen,200000.0,300000.0
23005,Nabil,Aslam,Nabil Aslam,2012,2414,nabil-aslam,Denmark,Lyngby,Pakistan,1984-08-03 00:00:00,Centre-Back,Defender,right,180.0,,,https://img.a.transfermarkt.technology/portrait/header/default.jpg?lm=1,https://www.transfermarkt.co.uk/nabil-aslam/profil/spieler/23005,DK1,AC Horsens,100000.0,400000.0
23086,Gunnar,Nielsen,Gunnar Nielsen,2013,987,gunnar-nielsen,Faroe Islands,Tórshavn,Faroe Islands,1986-10-07 00:00:00,Goalkeeper,Goalkeeper,right,191.0,,FSM,https://img.a.transfermarkt.technology/portrait/header/23086-1571239379.png?lm=1,https://www.transfermarkt.co.uk/gunnar-nielsen/profil/spieler/23086,SC1,Motherwell Football Club,25000.0,1250000.0
23960,Jérémy,Morel,Jérémy Morel,2021,1158,jeremy-morel,France,Lorient,Madagascar,1984-04-02 00:00:00,Centre-Back,Defender,left,172.0,,Léandre Chouya,https://img.a.transfermarkt.technology/portrait/header/23960-1599767564.jpg?lm=1,https://www.transfermarkt.co.uk/jeremy-morel/profil/spieler/23960,FR1,FC Lorient,300000.0,3500000.0
25118,Jacob,Mulenga,Jacob Mulenga,2021,1435,jacob-mulenga,Zambia,Kitwe,Zambia,1984-02-12 00:00:00,Centre-Forward,Attack,right,185.0,,DFK Football Agent,https://img.a.transfermarkt.technology/portrait/header/s_25118_200_2012_2.jpg?lm=1,https://www.transfermarkt.co.uk/jacob-mulenga/profil/spieler/25118,NL1,Go Ahead Eagles,175000.0,2500000.0
25911,Aleksey,Popov,Aleksey Popov,2012,4128,aleksey-popov,UdSSR,Perm,Kazakhstan,1978-07-07 00:00:00,Centre-Back,Defender,both,187.0,,,https://img.a.transfermarkt.technology/portrait/header/25911-1671095329.png?lm=1,https://www.transfermarkt.co.uk/aleksey-popov/profil/spieler/25911,RU1,Amkar Perm,100000.0,2300000.0
26063,Juan,Arango,Juan Arango,2013,18,juan-arango,Venezuela,Maracay,Venezuela,1980-05-16 00:00:00,Left Midfield,Midfield,,,,KAMPIO SPORTS,https://img.a.transfermarkt.technology/portrait/header/26063-1588074868.jpg?lm=1,https://www.transfermarkt.co.uk/juan-arango/profil/spieler/26063,L1,Borussia Verein für Leibesübungen 1900 Mönchengladbach,75000.0,8000000.0
26633,Ali,Al-Habsi,Ali Al-Habsi,2012,1071,ali-al-habsi,Oman,Muscat,Oman,1981-12-30 00:00:00,Goalkeeper,Goalkeeper,right,194.0,,,https://img.a.transfermarkt.technology/portrait/header/26633-1483632684.jpg?lm=1,https://www.transfermarkt.co.uk/ali-al-habsi/profil/spieler/26633,GB1,Wigan Athletic,250000.0,5000000.0
27108,Konstantinos,Makridis,Konstantinos Makridis,2014,2783,konstantinos-makridis,Cyprus,Limassol,Cyprus,1982-01-13 00:00:00,Central Midfield,Midfield,right,169.0,,,https://img.a.transfermarkt.technology/portrait/header/default.jpg?lm=1,https://www.transfermarkt.co.uk/konstantinos-makridis/profil/spieler/27108,UKR1,Metalurg Donetsk (- 2015),200000.0,1300000.0
27138,Amit,Quluzade,Amit Quluzade,2016,4603,amit-quluzade,Azerbaijan,Baku,Azerbaijan,1992-11-20 00:00:00,Defensive Midfield,Midfield,right,177.0,,AMiRu Sport,https://img.a.transfermarkt.technology/portrait/header/default.jpg?lm=1,https://www.transfermarkt.co.uk/amit-quluzade/profil/spieler/27138,GR1,AE Larisa,75000.0,400000.0
27729,Robert,Cullen,Robert Cullen,2012,1426,robert-cullen,Japan,"Tsuchiura, Ibaraki",Japan,1985-06-07 00:00:00,Centre-Forward,Attack,right,180.0,,Japan at UK limited,https://img.a.transfermarkt.technology/portrait/header/default.jpg?lm=1,https://www.transfermarkt.co.uk/robert-cullen/profil/spieler/27729,NL1,VVV-Venlo,150000.0,750000.0
28252,Alban,Meha,Alban Meha,2016,2293,alban-meha,Jugoslawien (SFR),Mitrovicë,Kosovo,1986-04-26 00:00:00,Attacking Midfield,Midfield,both,174.0,2023-06-30 00:00:00,,https://img.a.transfermarkt.technology/portrait/header/28252-1681581371.jpg?lm=1,https://www.transfermarkt.co.uk/alban-meha/profil/spieler/28252,TR1,Konyaspor,50000.0,1800000.0
28878,Ryan,Nelsen,Ryan Nelsen,2012,1039,ryan-nelsen,New Zealand,Christchurch,New Zealand,1977-10-18 00:00:00,Centre-Back,Defender,right,185.0,,,https://img.a.transfermarkt.technology/portrait/header/28878-1594719435.jpg?lm=1,https://www.transfermarkt.co.uk/ryan-nelsen/profil/spieler/28878,GB1,Queens Park Rangers,750000.0,3500000.0
28891,,Cícero,Cícero,2016,2995,cicero,Portugal,Seia,Guinea-Bissau,1986-05-08 00:00:00,Centre-Forward,Attack,both,189.0,2023-06-30 00:00:00,,https://img.a.transfermarkt.technology/portrait/header/28891-1478774938.jpg?lm=1,https://www.transfermarkt.co.uk/cicero/profil/spieler/28891,PO1,FC Paços de Ferreira,50000.0,3500000.0
29016,Christopher,Samba,Christopher Samba,2016,265,christopher-samba,France,Créteil,Congo,1984-03-28 00:00:00,Centre-Back,Defender,,,,Lambert & Wiltgen,https://img.a.transfermarkt.technology/portrait/header/29016-1555868061.png?lm=1,https://www.transfermarkt.co.uk/christopher-samba/profil/spieler/29016,GR1,Panathinaikos Athlitikos Omilos,1000000.0,15000000.0
31208,Éloge,Enza-Yamissi,Éloge Enza-Yamissi,2013,1423,eloge-enza-yamissi,Central African Republic,Bangui,Central African Republic,1983-01-23 00:00:00,Defensive Midfield,Midfield,left,175.0,,,https://img.a.transfermarkt.technology/portrait/header/s_31208_12933_2012_1.jpg?lm=1,https://www.transfermarkt.co.uk/eloge-enza-yamissi/profil/spieler/31208,FR1,Valenciennes FC,200000.0,1700000.0
33544,Antonio,Valencia,Antonio Valencia,2018,985,antonio-valencia,Ecuador,Nueva Loja,Ecuador,1985-08-04 00:00:00,Right-Back,Defender,right,180.0,,JP PACHON SPORTS,https://img.a.transfermarkt.technology/portrait/header/33544-1484662583.jpg?lm=1,https://www.transfermarkt.co.uk/antonio-valencia/profil/spieler/33544,GB1,Manchester United Football Club,1800000.0,27500000.0
33862,Sinan,Bolat,Sinan Bolat,2024,968,sinan-bolat,Türkiye,Kayseri,Türkiye,1988-09-03 00:00:00,Goalkeeper,Goalkeeper,right,186.0,2026-06-30 00:00:00,Bolat Management,https://img.a.transfermarkt.technology/portrait/header/33862-1713448592.png?lm=1,https://www.transfermarkt.co.uk/sinan-bolat/profil/spieler/33862,BE1,Koninklijke Voetbal Club Westerlo,300000.0,3500000.0
34160,Jean-Jacques,Pierre,Jean-Jacques Pierre,2014,1162,jean-jacques-pierre,Haiti,Léogâne,Haiti,1981-01-23 00:00:00,Centre-Back,Defender,right,180.0,,,https://img.a.transfermarkt.technology/portrait/header/34160-1476268201.jpg?lm=1,https://www.transfermarkt.co.uk/jean-jacques-pierre/profil/spieler/34160,FR1,SM Caen,100000.0,2500000.0
34937,Fabien,Farnolle,Fabien Farnolle,2020,39722,fabien-farnolle,France,Bordeaux,Benin,1985-02-05 00:00:00,Goalkeeper,Goalkeeper,right,197.0,,IN YOUR FUTURE,https://img.a.transfermarkt.technology/portrait/header/34937-1604432513.png?lm=1,https://www.transfermarkt.co.uk/fabien-farnolle/profil/spieler/34937,TR1,Erzurumspor FK,350000.0,800000.0
35383,Júnior,Díaz,Júnior Díaz,2016,105,junior-diaz,Costa Rica,San José,Costa Rica,1983-09-12 00:00:00,Centre-Back,Defender,left,185.0,,,https://img.a.transfermarkt.technology/portrait/header/35383-1471000628.jpg?lm=1,https://www.transfermarkt.co.uk/junior-diaz/profil/spieler/35383,L1,SV Darmstadt 98,75000.0,2000000.0
35748,Dennis,Oliech,Dennis Oliech,2013,1147,dennis-oliech,Kenya,Nairobi,Kenya,1985-02-02 00:00:00,Right Winger,Attack,right,181.0,,,https://img.a.transfermarkt.technology/portrait/header/s_35748_1147_2012_1.jpg?lm=1,https://www.transfermarkt.co.uk/dennis-oliech/profil/spieler/35748,FR1,AC Ajaccio,1000000.0,4000000.0
35884,Diego,Biseswar,Diego Biseswar,2022,1091,diego-biseswar,Netherlands,Amsterdam,Suriname,1988-03-08 00:00:00,Attacking Midfield,Midfield,right,176.0,,SEG,https://img.a.transfermarkt.technology/portrait/header/35884-1565775982.jpg?lm=1,https://www.transfermarkt.co.uk/diego-biseswar/profil/spieler/35884,GR1,Panthessalonikios Athlitikos Omilos Konstantinoupoliton,300000.0,3200000.0
38004,Aurélien,Joachim,Aurélien Joachim,2013,235,aurelien-joachim,Belgium,Virton,Luxembourg,1986-08-10 00:00:00,Centre-Forward,Attack,left,185.0,,ER Sport Agency,https://img.a.transfermarkt.technology/portrait/header/38004-1655553249.png?lm=1,https://www.transfermarkt.co.uk/aurelien-joachim/profil/spieler/38004,NL1,Rooms Katholieke Combinatie Waalwijk,75000.0,600000.0
38041,Walid,Atta,Walid Atta,2015,820,walid-atta,Saudi Arabia,Riad,Ethiopia,1986-08-28 00:00:00,Centre-Back,Defender,right,188.0,,,https://img.a.transfermarkt.technology/portrait/header/default.jpg?lm=1,https://www.transfermarkt.co.uk/walid-atta/profil/spieler/38041,TR1,Genclerbirligi Ankara,300000.0,600000.0
38100,Michael,Mancienne,Michael Mancienne,2013,41,michael-mancienne,England,London,Seychelles,1988-01-08 00:00:00,Centre-Back,Defender,right,184.0,,,https://img.a.transfermarkt.technology/portrait/header/38100-1583673317.jpg?lm=1,https://www.transfermarkt.co.uk/michael-mancienne/profil/spieler/38100,L1,Hamburger SV,75000.0,3500000.0
38124,Heinz,Barmettler,Heinz Barmettler,2013,366,heinz-barmettler,Switzerland,Zürich,Dominican Republic,1987-07-21 00:00:00,Centre-Back,Defender,,,,,https://img.a.transfermarkt.technology/portrait/header/38124-1456684831.png?lm=1,https://www.transfermarkt.co.uk/heinz-barmettler/profil/spieler/38124,ES1,Real Valladolid Club de Fútbol S.A.D.,300000.0,1000000.0
39452,Arturo,Álvarez,Arturo Álvarez,2012,2995,arturo-alvarez,United States,"Houston, Texas",El Salvador,1985-06-28 00:00:00,Left Winger,Attack,left,175.0,,,https://img.a.transfermarkt.technology/portrait/header/39452-1521309527.JPG?lm=1,https://www.transfermarkt.co.uk/arturo-alvarez/profil/spieler/39452,PO1,FC Paços de Ferreira,350000.0,650000.0
44060,Vusumuzi,Nyoni,Vusumuzi Nyoni,2013,1411,vusumuzi-nyoni,Zimbabwe,Bulawayo,Zimbabwe,1984-04-21 00:00:00,Left Midfield,Midfield,left,176.0,,Eleven Management,https://img.a.transfermarkt.technology/portrait/header/44060-1618581365.jpg?lm=1,https://www.transfermarkt.co.uk/vusumuzi-nyoni/profil/spieler/44060,BE1,RAEC Mons (- 2015),200000.0,800000.0
44122,André,Schembri,André Schembri,2016,2503,andre-schembri,Malta,Pieta,Malta,1986-05-27 00:00:00,Centre-Forward,Attack,right,178.0,,Players Factory,https://img.a.transfermarkt.technology/portrait/header/44122-1478180362.jpg?lm=1,https://www.transfermarkt.co.uk/andre-schembri/profil/spieler/44122,PO1,Boavista Futebol Clube,325000.0,1000000.0
46845,Carlo,Costly,Carlo Costly,2014,524,carlo-costly,Honduras,San Pedro Sula,Honduras,1982-07-18 00:00:00,Centre-Forward,Attack,left,190.0,,,https://img.a.transfermarkt.technology/portrait/header/46845-1547805149.jpg?lm=1,https://www.transfermarkt.co.uk/carlo-costly/profil/spieler/46845,TR1,Gaziantepspor (- 2020),475000.0,1100000.0
49292,Martin,Mutumba,Martin Mutumba,2013,126,martin-mutumba,Sweden,Stockholm,Uganda,1985-06-15 00:00:00,Left Winger,Attack,right,176.0,,,https://img.a.transfermarkt.technology/portrait/header/default.jpg?lm=1,https://www.transfermarkt.co.uk/martin-mutumba/profil/spieler/49292,TR1,Çaykur Rizespor Kulübü,75000.0,1000000.0
49872,Djamel,Bakar,Djamel Bakar,2016,172,djamel-bakar,France,Marseille,Comoros,1989-04-06 00:00:00,Centre-Forward,Attack,right,171.0,,WB-Sportmanagement,https://img.a.transfermarkt.technology/portrait/header/s_49872_1159_2013_01_10_1.jpg?lm=1,https://www.transfermarkt.co.uk/djamel-bakar/profil/spieler/49872,BE1,Royal Charleroi Sporting Club,200000.0,2500000.0
51318,Matthew,Briggs,Matthew Briggs,2020,443,matthew-briggs,England,London,Guyana,1991-03-06 00:00:00,Centre-Back,Defender,left,183.0,,,https://img.a.transfermarkt.technology/portrait/header/s_51318_931_2013_03_07_1.jpg?lm=1,https://www.transfermarkt.co.uk/matthew-briggs/profil/spieler/51318,DK1,Vejle Boldklub,100000.0,2000000.0
57808,Natxo,Insa,Natxo Insa,2013,589,natxo-insa,Spain,Cocentaina,Malaysia,1986-06-09 00:00:00,Central Midfield,Midfield,right,177.0,,,https://img.a.transfermarkt.technology/portrait/header/s_57808_589_2014_02_11_1.jpg?lm=1,https://www.transfermarkt.co.uk/natxo-insa/profil/spieler/57808,TR1,Antalyaspor,125000.0,1000000.0
59713,Omar,Jarun,Omar Jarun,2012,172,omar-jarun,Kuwait,Kuwait City,Palestine,1983-12-10 00:00:00,Centre-Back,Defender,right,196.0,,,https://img.a.transfermarkt.technology/portrait/header/59713-1602503832.jpg?lm=1,https://www.transfermarkt.co.uk/omar-jarun/profil/spieler/59713,BE1,Royal Charleroi Sporting Club,150000.0,250000.0
60312,Joshua,John,Joshua John,2020,1426,joshua-john,Netherlands,Alkmaar,Aruba,1988-10-01 00:00:00,Left Winger,Attack,right,175.0,,,https://img.a.transfermarkt.technology/portrait/header/60312-1564086162.png?lm=1,https://www.transfermarkt.co.uk/joshua-john/profil/spieler/60312,NL1,VVV-Venlo,250000.0,1250000.0
63295,Tawonga,Chimodzi,Tawonga Chimodzi,2015,21957,tawonga-chimodzi,Malawi,Lilongwe,Malawi,1988-08-26 00:00:00,Central Midfield,Midfield,right,,,,https://img.a.transfermarkt.technology/portrait/header/default.jpg?lm=1,https://www.transfermarkt.co.uk/tawonga-chimodzi/profil/spieler/63295,GR1,AO Platanias,200000.0,200000.0
63833,Jiloan,Hamad,Jiloan Hamad,2015,533,jiloan-hamad,UdSSR,Baku,Iraq,1990-11-06 00:00:00,Attacking Midfield,Midfield,right,173.0,,CLS Mundial,https://img.a.transfermarkt.technology/portrait/header/63833-1601583594.jpg?lm=1,https://www.transfermarkt.co.uk/jiloan-hamad/profil/spieler/63833,L1,Turn- und Sportgemeinschaft 1899 Hoffenheim Fußball-Spielbetriebs,300000.0,2500000.0
64615,Subrata,Paul,Subrata Paul,2013,20100,subrata-paul,India,"Sodepur, West Bengal",India,1986-12-24 00:00:00,Goalkeeper,Goalkeeper,both,182.0,,B.O.Y. India,https://img.a.transfermarkt.technology/portrait/header/64615-1419247202.jpg?lm=1,https://www.transfermarkt.co.uk/subrata-paul/profil/spieler/64615,DK1,FC Vestsjaelland,25000.0,250000.0
64893,Farkhod,Vasiev,Farkhod Vasiev,2020,41201,farkhod-vasiev,UdSSR,Dushanbe,Tajikistan,1990-04-14 00:00:00,Centre-Back,Defender,left,180.0,,,https://img.a.transfermarkt.technology/portrait/header/64893-1616513504.png?lm=1,https://www.transfermarkt.co.uk/farkhod-vasiev/profil/spieler/64893,RU1,PFK Tambov (-2021),100000.0,350000.0
65233,Teerasil,Dangda,Teerasil Dangda,2014,3302,teerasil-dangda,Thailand,Bangkok,Thailand,1988-06-06 00:00:00,Centre-Forward,Attack,right,181.0,2023-05-31 00:00:00,ProSoccer24,https://img.a.transfermarkt.technology/portrait/header/65233-1663335244.JPG?lm=1,https://www.transfermarkt.co.uk/teerasil-dangda/profil/spieler/65233,ES1,UD Almería,250000.0,1000000.0
66707,Cengiz,Bicer,Cengiz Bicer,2012,3216,cengiz-bicer,Switzerland,Grabs,Liechtenstein,1987-12-11 00:00:00,Goalkeeper,Goalkeeper,right,188.0,2024-06-30 00:00:00,,https://img.a.transfermarkt.technology/portrait/header/66707-1639219495.png?lm=1,https://www.transfermarkt.co.uk/cengiz-bicer/profil/spieler/66707,TR1,Mersin Talimyurdu SK,25000.0,150000.0
66791,Diallo,Guidileye,Diallo Guidileye,2017,820,diallo-guidileye,Mauritania,Djadijibiné,Mauritania,1989-12-30 00:00:00,Defensive Midfield,Midfield,right,181.0,,,https://img.a.transfermarkt.technology/portrait/header/66791-1480931050.jpg?lm=1,https://www.transfermarkt.co.uk/diallo-guidileye/profil/spieler/66791,TR1,Genclerbirligi Ankara,275000.0,1250000.0
68203,Moussa,Maazou,Moussa Maazou,2015,5724,moussa-maazou,Niger,Niamey,Niger,1988-08-25 00:00:00,Centre-Forward,Attack,right,188.0,,,https://img.a.transfermarkt.technology/portrait/header/68203-1674663798.png?lm=1,https://www.transfermarkt.co.uk/moussa-maazou/profil/spieler/68203,DK1,Randers Fodbold Club,100000.0,4000000.0
73668,Marco,Pappa,Marco Pappa,2012,306,marco-pappa,Guatemala,Nueva Guatemala de la Asunción,Guatemala,1987-11-15 00:00:00,Left Winger,Attack,left,178.0,,,https://img.a.transfermarkt.technology/portrait/header/73668-1464119376.jpg?lm=1,https://www.transfermarkt.co.uk/marco-pappa/profil/spieler/73668,NL1,Sportclub Heerenveen,200000.0,800000.0
75420,,Bolívia,Bolívia,2014,979,bolivia,Brazil,Cuiabá,Bolivia,1985-11-17 00:00:00,Attacking Midfield,Midfield,right,181.0,,,https://img.a.transfermarkt.technology/portrait/header/75420-1421247505.jpg?lm=1,https://www.transfermarkt.co.uk/bolivia/profil/spieler/75420,PO1,Moreirense Futebol Clube,250000.0,900000.0
76075,Sekou,Oliseh,Sekou Oliseh,2014,2439,sekou-oliseh,Liberia,Monrovia,Liberia,1990-06-05 00:00:00,Right Winger,Attack,right,178.0,,M&D Sport Managment,https://img.a.transfermarkt.technology/portrait/header/76075-1674663899.png?lm=1,https://www.transfermarkt.co.uk/sekou-oliseh/profil/spieler/76075,RU1,Kuban Krasnodar (-2018),300000.0,3800000.0
77875,Joan,Oumari,Joan Oumari,2015,2381,joan-oumari,Germany,Berlin,Lebanon,1988-08-19 00:00:00,Centre-Back,Defender,left,187.0,,Keyscout Football,https://img.a.transfermarkt.technology/portrait/header/77875-1473597708.jpg?lm=1,https://www.transfermarkt.co.uk/joan-oumari/profil/spieler/77875,TR1,Sivasspor Kulübü,200000.0,850000.0
82364,Ezechiel,Ndouasel,Ezechiel Ndouasel,2013,2293,ezechiel-ndouasel,Chad,N'Djamena,Chad,1988-04-22 00:00:00,Centre-Forward,Attack,right,186.0,,,https://img.a.transfermarkt.technology/portrait/header/82364-1631973120.png?lm=1,https://www.transfermarkt.co.uk/ezechiel-ndouasel/profil/spieler/82364,TR1,Konyaspor,250000.0,1300000.0
85289,Jordi,Amat,Jordi Amat,2021,1245,jordi-amat,Spain,Barcelona,Indonesia,1992-03-21 00:00:00,Centre-Back,Defender,right,185.0,,,https://img.a.transfermarkt.technology/portrait/header/85289-1541150488.jpg?lm=1,https://www.transfermarkt.co.uk/jordi-amat/profil/spieler/85289,BE1,KAS Eupen,900000.0,5000000.0
86054,Osama,Hawsawi,Osama Hawsawi,2012,58,osama-hawsawi,United Arab Emirates,Ras Al-Khaimah,Saudi Arabia,1984-03-31 00:00:00,Centre-Back,Defender,right,187.0,,,https://img.a.transfermarkt.technology/portrait/header/86054-1484820666.jpg?lm=1,https://www.transfermarkt.co.uk/osama-hawsawi/profil/spieler/86054,BE1,Royal Sporting Club Anderlecht,675000.0,1500000.0
100240,,Djamal,Djamal,2012,1075,djamal,Libya,Tripolis,Libya,1983-04-26 00:00:00,Defensive Midfield,Midfield,left,188.0,,,https://img.a.transfermarkt.technology/portrait/header/100240-1485262992.png?lm=1,https://www.transfermarkt.co.uk/djamal/profil/spieler/100240,PO1,Sporting Clube de Braga,100000.0,4500000.0
103680,Jordão,Diogo,Jordão Diogo,2018,2672,jordao-diogo,Portugal,Lissabon,Sao Tome and Principe,1985-11-12 00:00:00,Left-Back,Defender,left,184.0,,BG Agency,https://img.a.transfermarkt.technology/portrait/header/default.jpg?lm=1,https://www.transfermarkt.co.uk/jordao-diogo/profil/spieler/103680,GR1,APO Levadiakos Football Club,150000.0,400000.0
104495,Lyle,Taylor,Lyle Taylor,2022,703,lyle-taylor,England,London,Montserrat,1990-03-29 00:00:00,Centre-Forward,Attack,right,188.0,,,https://img.a.transfermarkt.technology/portrait/header/104495-1556522831.jpg?lm=1,https://www.transfermarkt.co.uk/lyle-taylor/profil/spieler/104495,GB1,Nottingham Forest Football Club,300000.0,1800000.0
104704,Vakhyt,Orazsakhedov,Vakhyt Orazsakhedov,2014,1083,vakhyt-orazsakhedov,Turkmenistan,Ahal,Turkmenistan,1992-01-26 00:00:00,Centre-Forward,Attack,right,187.0,,,https://img.a.transfermarkt.technology/portrait/header/104704-1585536813.png?lm=1,https://www.transfermarkt.co.uk/vakhyt-orazsakhedov/profil/spieler/104704,RU1,FK Rostov,100000.0,250000.0
107397,Hamdan,Al Kamali,Hamdan Al Kamali,2012,1041,hamdan-al-kamali,United Arab Emirates,Abu Dhabi,United Arab Emirates,1989-05-02 00:00:00,Centre-Back,Defender,right,183.0,2024-06-30 00:00:00,,https://img.a.transfermarkt.technology/portrait/header/O_F_s_107397_161_2009_1.jpg?lm=1,https://www.transfermarkt.co.uk/hamdan-al-kamali/profil/spieler/107397,FR1,Olympique Lyonnais,50000.0,350000.0
109751,Onel,Hernández,Onel Hernández,2021,1123,onel-hernandez,Cuba,Morón,Cuba,1993-02-01 00:00:00,Left Winger,Attack,right,172.0,2025-06-30 00:00:00,G1,https://img.a.transfermarkt.technology/portrait/header/109751-1499183922.jpg?lm=1,https://www.transfermarkt.co.uk/onel-hernandez/profil/spieler/109751,GB1,Norwich City,1000000.0,4000000.0
113036,Romaine,Sawyers,Romaine Sawyers,2020,984,romaine-sawyers,England,Birmingham,St. Kitts & Nevis,1991-11-02 00:00:00,Attacking Midfield,Midfield,right,175.0,2024-06-30 00:00:00,,https://img.a.transfermarkt.technology/portrait/header/113036-1538466674.jpg?lm=1,https://www.transfermarkt.co.uk/romaine-sawyers/profil/spieler/113036,GB1,West Bromwich Albion,1000000.0,4000000.0
115898,Julio,Segundo,Julio Segundo,2013,2079,julio-segundo,Panama,La Chorrera,Panama,1993-09-26 00:00:00,Central Midfield,Midfield,left,174.0,,,https://img.a.transfermarkt.technology/portrait/header/default.jpg?lm=1,https://www.transfermarkt.co.uk/julio-segundo/profil/spieler/115898,GR1,Veria NPS,200000.0,200000.0
122721,Nico,Yennaris,Nico Yennaris,2013,11,nico-yennaris,England,London,China,1993-05-24 00:00:00,Defensive Midfield,Midfield,right,171.0,2023-12-31 00:00:00,ARETÉ,https://img.a.transfermarkt.technology/portrait/header/122721-1538466385.jpg?lm=1,https://www.transfermarkt.co.uk/nico-yennaris/profil/spieler/122721,GB1,Arsenal Football Club,250000.0,3000000.0
134712,Billy,Ketkeophomphone,Billy Ketkeophomphone,2018,1420,billy-ketkeophomphone,France,Champigny-sur-Marne,Laos,1990-03-24 00:00:00,Centre-Forward,Attack,right,180.0,,MYG Invest,https://img.a.transfermarkt.technology/portrait/header/134712-1599425985.jpg?lm=1,https://www.transfermarkt.co.uk/billy-ketkeophomphone/profil/spieler/134712,FR1,Angers Sporting Club de l'Ouest,200000.0,2750000.0
135490,Lindsay,Rose,Lindsay Rose,2024,605,lindsay-rose,France,Rennes,Mauritius,1992-02-08 00:00:00,Centre-Back,Defender,right,184.0,2026-06-30 00:00:00,,https://img.a.transfermarkt.technology/portrait/header/135490-1677703034.png?lm=1,https://www.transfermarkt.co.uk/lindsay-rose/profil/spieler/135490,GR1,Aris Thessalonikis,200000.0,3500000.0
154199,Wesley,Lautoa,Wesley Lautoa,2020,2969,wesley-lautoa,France,Épernay,Neukaledonien,1987-08-25 00:00:00,Centre-Back,Defender,left,184.0,,SVF FOOT,https://img.a.transfermarkt.technology/portrait/header/154199-1618505972.jpg?lm=1,https://www.transfermarkt.co.uk/wesley-lautoa/profil/spieler/154199,FR1,Dijon FCO,500000.0,3000000.0
154215,Zaine,Pierre,Zaine Pierre,2013,252,zaine-pierre,St. Lucia,Dennery,St. Lucia,1993-09-21 00:00:00,Defensive Midfield,Midfield,left,179.0,,,https://img.a.transfermarkt.technology/portrait/header/default.jpg?lm=1,https://www.transfermarkt.co.uk/zaine-pierre/profil/spieler/154215,IT1,Genoa Cricket and Football Club,25000.0,75000.0
155050,Sharif,Mukhammad,Sharif Mukhammad,2013,2700,sharif-mukhammad,UdSSR,Makhachkala,Afghanistan,1990-03-21 00:00:00,Centre-Back,Defender,right,184.0,2023-04-30 00:00:00,,https://img.a.transfermarkt.technology/portrait/header/155050-1611774975.jpg?lm=1,https://www.transfermarkt.co.uk/sharif-mukhammad/profil/spieler/155050,RU1,Anzhi Makhachkala ( -2022),125000.0,350000.0
157536,Angelos,Chanti,Angelos Chanti,2015,47,angelos-chanti,Greece,Pyrgos,Jordan,1989-09-07 00:00:00,Attacking Midfield,Midfield,left,186.0,2023-06-30 00:00:00,Bengal Soccer,https://img.a.transfermarkt.technology/portrait/header/default.jpg?lm=1,https://www.transfermarkt.co.uk/angelos-chanti/profil/spieler/157536,GR1,Iraklis Thessaloniki,150000.0,500000.0
173483,Nahki,Wells,Nahki Wells,2018,1132,nahki-wells,Bermuda,Hamilton,Bermuda,1990-06-01 00:00:00,Centre-Forward,Attack,right,170.0,2025-06-30 00:00:00,,https://img.a.transfermarkt.technology/portrait/header/173483-1524468723.jpg?lm=1,https://www.transfermarkt.co.uk/nahki-wells/profil/spieler/173483,GB1,Burnley FC,700000.0,5000000.0
182201,Ally,Samatta,Ally Samatta,2024,1091,ally-samatta,Tanzania,Dar es Salam,Tanzania,1992-12-23 00:00:00,Centre-Forward,Attack,right,183.0,2025-06-30 00:00:00,1863,https://img.a.transfermarkt.technology/portrait/header/182201-1727967720.png?lm=1,https://www.transfermarkt.co.uk/ally-samatta/profil/spieler/182201,GR1,Panthessalonikios Athlitikos Omilos Konstantinoupoliton,1000000.0,12000000.0
211878,Valeriy,Kichin,Valeriy Kichin,2018,3714,valeriy-kichin,Kyrgyzstan,Bishkek,Kyrgyzstan,1992-10-12 00:00:00,Centre-Back,Defender,left,185.0,2024-06-30 00:00:00,,https://img.a.transfermarkt.technology/portrait/header/211878-1635836592.png?lm=1,https://www.transfermarkt.co.uk/valeriy-kichin/profil/spieler/211878,RU1,Enisey Krasnoyarsk,500000.0,1500000.0
215987,David,Browne,David Browne,2017,202,david-browne,Papua New Guinea,Port Moresby,Papua New Guinea,1995-12-27 00:00:00,Left Winger,Attack,right,175.0,,SEG,https://img.a.transfermarkt.technology/portrait/header/215987-1509177563.jpg?lm=1,https://www.transfermarkt.co.uk/david-browne/profil/spieler/215987,NL1,Football Club Groningen,300000.0,350000.0
236727,David,Kong,David Kong,2020,40,david-kong,Macao,Macao,Macao,1994-12-13 00:00:00,Defensive Midfield,Midfield,right,183.0,2023-06-30 00:00:00,,https://img.a.transfermarkt.technology/portrait/header/236727-1479478753.jpg?lm=1,https://www.transfermarkt.co.uk/david-kong/profil/spieler/236727,FR1,FC Girondins Bordeaux,150000.0,150000.0
251074,Liban,Abdulahi,Liban Abdulahi,2018,642,liban-abdulahi,Netherlands,Haarlem,Somalia,1995-11-02 00:00:00,Central Midfield,Midfield,right,178.0,,,https://img.a.transfermarkt.technology/portrait/header/default.jpg?lm=1,https://www.transfermarkt.co.uk/liban-abdulahi/profil/spieler/251074,NL1,De Graafschap Doetinchem,25000.0,150000.0
286945,Pablo,Gállego,Pablo Gállego,2016,4603,pablo-gallego,Spain,Huesca,Nicaragua,1993-10-01 00:00:00,Right Winger,Attack,right,174.0,,,https://img.a.transfermarkt.technology/portrait/header/286945-1479121671.JPG?lm=1,https://www.transfermarkt.co.uk/pablo-gallego/profil/spieler/286945,GR1,AE Larisa,150000.0,250000.0
290540,Jonathan,Correia,Jonathan Correia,2016,855,jonathan-correia,Monaco,Monaco,Monaco,1994-02-13 00:00:00,Defensive Midfield,Midfield,right,175.0,,,https://img.a.transfermarkt.technology/portrait/header/default.jpg?lm=1,https://www.transfermarkt.co.uk/jonathan-correia/profil/spieler/290540,FR1,EA Guingamp,50000.0,50000.0
330909,Jort,van der Sande,Jort van der Sande,2024,1519,jort-van-der-sande,Netherlands,'s-Hertogenbosch,Bonaire,1996-01-25 00:00:00,Centre-Forward,Attack,right,183.0,2026-06-30 00:00:00,,https://img.a.transfermarkt.technology/portrait/header/330909-1704721500.jpg?lm=1,https://www.transfermarkt.co.uk/jort-van-der-sande/profil/spieler/330909,SC1,Dundee United Football Club,500000.0,550000.0
331725,Faiq,Bolkiah,Faiq Bolkiah,2020,1301,faiq-bolkiah,United States,"Los Angeles, California",Brunei Darussalam,1998-05-09 00:00:00,Left Winger,Attack,right,175.0,2024-12-31 00:00:00,CSM,https://img.a.transfermarkt.technology/portrait/header/331725-1665903802.png?lm=1,https://www.transfermarkt.co.uk/faiq-bolkiah/profil/spieler/331725,PO1,CS Marítimo,175000.0,200000.0
341501,Hamza,Choudhury,Hamza Choudhury,2024,1003,hamza-choudhury,England,Loughborough,Bangladesh,1997-10-01 00:00:00,Defensive Midfield,Midfield,right,178.0,2027-06-30 00:00:00,Wasserman,https://img.a.transfermarkt.technology/portrait/header/341501-1559900777.jpg?lm=1,https://www.transfermarkt.co.uk/hamza-choudhury/profil/spieler/341501,GB1,Leicester City Football Club,4500000.0,10000000.0
355611,Filippo,Berardi,Filippo Berardi,2018,416,filippo-berardi,San Marino,San Marino,San Marino,1997-05-18 00:00:00,Right Winger,Attack,left,176.0,2023-06-30 00:00:00,,https://img.a.transfermarkt.technology/portrait/header/355611-1545929582.jpg?lm=1,https://www.transfermarkt.co.uk/filippo-berardi/profil/spieler/355611,IT1,Torino Calcio,50000.0,225000.0
380459,Cong Phuong,Nguyen,Cong Phuong Nguyen,2019,475,cong-phuong-nguyen,Vietnam,"Do Luong, Nghe An",Vietnam,1995-01-21 00:00:00,Second Striker,Attack,both,168.0,2026-01-31 00:00:00,,https://img.a.transfermarkt.technology/portrait/header/380459-1563973299.jpg?lm=1,https://www.transfermarkt.co.uk/cong-phuong-nguyen/profil/spieler/380459,BE1,Koninklijke Sint-Truidense Voetbalvereniging,250000.0,300000.0
402193,Kwang-song,Han,Kwang-song Han,2019,1390,kwang-song-han,"Korea, North",Pyongyang,"Korea, North",1998-09-11 00:00:00,Centre-Forward,Attack,,178.0,,,https://img.a.transfermarkt.technology/portrait/header/402193-1516114488.jpg?lm=1,https://www.transfermarkt.co.uk/kwang-song-han/profil/spieler/402193,IT1,Cagliari Calcio,400000.0,5000000.0
435019,Chovanie,Amatkarijo,Chovanie Amatkarijo,2016,1268,chovanie-amatkarijo,Netherlands,Den Haag,Sint Maarten,1999-05-20 00:00:00,Left Winger,Attack,,175.0,2023-12-31 00:00:00,,https://img.a.transfermarkt.technology/portrait/header/default.jpg?lm=1,https://www.transfermarkt.co.uk/chovanie-amatkarijo/profil/spieler/435019,NL1,ADO Den Haag,350000.0,350000.0
533777,Mohammed,Al-Hardan,Mohammed Al-Hardan,2018,443,mohammed-al-hardan,Bahrain,al-Muharraq,Bahrain,1997-10-06 00:00:00,Central Midfield,Midfield,right,183.0,,SSM Moscow,https://img.a.transfermarkt.technology/portrait/header/default.jpg?lm=1,https://www.transfermarkt.co.uk/mohammed-al-hardan/profil/spieler/533777,DK1,Vejle Boldklub,300000.0,300000.0
547248,Iker,Álvarez,Iker Álvarez,2024,1050,iker-alvarez,Andorra,Andorra la Vella,Andorra,2001-07-25 00:00:00,Goalkeeper,Goalkeeper,right,190.0,2026-06-30 00:00:00,AS1,https://img.a.transfermarkt.technology/portrait/header/547248-1698946239.jpg?lm=1,https://www.transfermarkt.co.uk/iker-alvarez/profil/spieler/547248,ES1,Villarreal Club de Fútbol S.A.D.,800000.0,800000.0
862279,Nur,Asis,Nur Asis,2024,2431,nur-asis,Singapore,Singapore,Singapore,2004-03-04 00:00:00,Central Midfield,Midfield,right,171.0,2025-06-30 00:00:00,,https://img.a.transfermarkt.technology/portrait/header/862279-1714770519.jpg?lm=1,https://www.transfermarkt.co.uk/nur-asis/profil/spieler/862279,PO1,Club Football Estrela da Amadora,100000.0,100000.0
890819,William,Akio,William Akio,2022,2759,william-akio,Kenya,Nairobi,Southern Sudan,1998-07-23 00:00:00,Right Winger,Attack,right,180.0,2025-05-31 00:00:00,Eikon,https://img.a.transfermarkt.technology/portrait/header/890819-1655056330.JPG?lm=1,https://www.transfermarkt.co.uk/william-akio/profil/spieler/890819,SC1,Ross County Football Club,150000.0,150000.0
